lle_cod,lle_indicador,lle_origenpax,lle_periodo,lle_valor
JP,LLEGADA_PAX_INTERNA,Japón,202209,1
QA,LLEGADA_PAX_INTERNA,Qatar,202209,20
GT,LLEGADA_PAX_INTERNA,Guatemala,202209,20
CH,LLEGADA_PAX_INTERNA,Suiza,202209,171
KY,LLEGADA_PAX_INTERNA,Islas Caimán,202209,3
PT,LLEGADA_PAX_INTERNA,Portugal,202209,93
BS,LLEGADA_PAX_INTERNA,Bahamas,202209,8
ES,LLEGADA_PAX_INTERNA,España,202209,5899
AE,LLEGADA_PAX_INTERNA,Emiratos Árabes Unidos,202209,19
BB,LLEGADA_PAX_INTERNA,Barbados,202209,2
KN,LLEGADA_PAX_INTERNA,San Cristóbal y Nieves,202209,2
HN,LLEGADA_PAX_INTERNA,Honduras,202209,11
JM,LLEGADA_PAX_INTERNA,Jamaica,202209,9
CU,LLEGADA_PAX_INTERNA,Cuba,202209,3
DO,LLEGADA_PAX_INTERNA,República Dominicana,202209,9104
GB,LLEGADA_PAX_INTERNA,Reino Unido,202209,159
IL,LLEGADA_PAX_INTERNA,Israel,202209,48
AN,LLEGADA_PAX_INTERNA,Antillas Neerlandesas,202209,912
SE,LLEGADA_PAX_INTERNA,Suecia,202209,7
MX,LLEGADA_PAX_INTERNA,México,202209,13104
DE,LLEGADA_PAX_INTERNA,Alemania,202209,171
NL,LLEGADA_PAX_INTERNA,Países Bajos,202209,67
PE,LLEGADA_PAX_INTERNA,Perú,202209,5942
BE,LLEGADA_PAX_INTERNA,Bélgica,202209,103
TR,LLEGADA_PAX_INTERNA,Turquía,202209,2
TT,LLEGADA_PAX_INTERNA,Trinidad y Tobago,202209,9
PA,LLEGADA_PAX_INTERNA,Panamá,202209,26986
CA,LLEGADA_PAX_INTERNA,Canadá,202209,343
AR,LLEGADA_PAX_INTERNA,Argentina,202209,710
HT,LLEGADA_PAX_INTERNA,haiti,202209,1
CL,LLEGADA_PAX_INTERNA,Chile,202209,234
CR,LLEGADA_PAX_INTERNA,Costa Rica,202209,1344
PR,LLEGADA_PAX_INTERNA,Puerto Rico,202209,624
SV,LLEGADA_PAX_INTERNA,El Salvador,202209,30
US,LLEGADA_PAX_INTERNA,Estados Unidos,202209,35492
IT,LLEGADA_PAX_INTERNA,Italia,202209,337
BR,LLEGADA_PAX_INTERNA,Brasil,202209,679
FR,LLEGADA_PAX_INTERNA,Francia,202209,24
KR,LLEGADA_PAX_INTERNA,Corea del Sur,202209,3
MA,LLEGADA_PAX_INTERNA,Marruecos,202209,2
CH,LLEGADA_PAX_INTERNA,Suiza,202109,44
DO,LLEGADA_PAX_INTERNA,República Dominicana,202109,3723
AU,LLEGADA_PAX_INTERNA,Australia,202109,2
CA,LLEGADA_PAX_INTERNA,Canadá,202109,58
PT,LLEGADA_PAX_INTERNA,Portugal,202109,12
SV,LLEGADA_PAX_INTERNA,El Salvador,202109,9
EC,LLEGADA_PAX_INTERNA,Ecuador,202109,166
AR,LLEGADA_PAX_INTERNA,Argentina,202109,57
ES,LLEGADA_PAX_INTERNA,España,202109,2948
QA,LLEGADA_PAX_INTERNA,Qatar,202109,9
HN,LLEGADA_PAX_INTERNA,Honduras,202109,73
MX,LLEGADA_PAX_INTERNA,México,202109,9535
BB,LLEGADA_PAX_INTERNA,Barbados,202109,3
GY,LLEGADA_PAX_INTERNA,Guyana,202109,7
CR,LLEGADA_PAX_INTERNA,Costa Rica,202109,326
CL,LLEGADA_PAX_INTERNA,Chile,202109,213
PA,LLEGADA_PAX_INTERNA,Panamá,202109,21037
BO,LLEGADA_PAX_INTERNA,Bolivia,202109,35
SR,LLEGADA_PAX_INTERNA,Surinam,202109,1
BS,LLEGADA_PAX_INTERNA,Bahamas,202109,6
NL,LLEGADA_PAX_INTERNA,Países Bajos,202109,32
US,LLEGADA_PAX_INTERNA,Estados Unidos,202109,29876
GB,LLEGADA_PAX_INTERNA,Reino Unido,202109,7
PY,LLEGADA_PAX_INTERNA,Paraguay,202109,18
AN,LLEGADA_PAX_INTERNA,Antillas Neerlandesas,202109,441
GT,LLEGADA_PAX_INTERNA,Guatemala,202109,74
IL,LLEGADA_PAX_INTERNA,Israel,202109,116
FR,LLEGADA_PAX_INTERNA,Francia,202109,5
BR,LLEGADA_PAX_INTERNA,Brasil,202109,182
BE,LLEGADA_PAX_INTERNA,Bélgica,202109,32
KR,LLEGADA_PAX_INTERNA,Corea del Sur,202109,11
TT,LLEGADA_PAX_INTERNA,Trinidad y Tobago,202109,1
HT,LLEGADA_PAX_INTERNA,haiti,202109,1
DE,LLEGADA_PAX_INTERNA,Alemania,202109,52
BZ,LLEGADA_PAX_INTERNA,Belice,202109,1
PR,LLEGADA_PAX_INTERNA,Puerto Rico,202109,264
NI,LLEGADA_PAX_INTERNA,Nicaragua,202109,1
IT,LLEGADA_PAX_INTERNA,Italia,202109,98
AG,LLEGADA_PAX_INTERNA,antigua and barbuda,202109,5
PE,LLEGADA_PAX_INTERNA,Perú,202109,1496
PE,LLEGADA_PAX_INTERNA,Perú,202009,33
US,LLEGADA_PAX_INTERNA,Estados Unidos,202009,3047
VE,LLEGADA_PAX_INTERNA,Venezuela,202009,36
AN,LLEGADA_PAX_INTERNA,Antillas Neerlandesas,202009,0
GY,LLEGADA_PAX_INTERNA,Guyana,202009,0
EC,LLEGADA_PAX_INTERNA,Ecuador,202009,6
BR,LLEGADA_PAX_INTERNA,Brasil,202009,0
AR,LLEGADA_PAX_INTERNA,Argentina,202009,50
DO,LLEGADA_PAX_INTERNA,República Dominicana,202009,0
PA,LLEGADA_PAX_INTERNA,Panamá,202009,6
MX,LLEGADA_PAX_INTERNA,México,202009,64
BZ,LLEGADA_PAX_INTERNA,Belice,201909,-1
CA,LLEGADA_PAX_INTERNA,Canadá,201909,215
NO,LLEGADA_PAX_INTERNA,Noruega,201909,-1
IN,LLEGADA_PAX_INTERNA,india,201909,-1
AR,LLEGADA_PAX_INTERNA,Argentina,201909,712
UY,LLEGADA_PAX_INTERNA,Uruguay,201909,119
NZ,LLEGADA_PAX_INTERNA,Nueva Zelanda,201909,6
JP,LLEGADA_PAX_INTERNA,Japón,201909,41
BR,LLEGADA_PAX_INTERNA,Brasil,201909,980
NI,LLEGADA_PAX_INTERNA,Nicaragua,201909,-1
NL,LLEGADA_PAX_INTERNA,Países Bajos,201909,81
AG,LLEGADA_PAX_INTERNA,antigua and barbuda,201909,-1
PA,LLEGADA_PAX_INTERNA,Panamá,201909,18842
EC,LLEGADA_PAX_INTERNA,Ecuador,201909,23
US,LLEGADA_PAX_INTERNA,Estados Unidos,201909,23944
DK,LLEGADA_PAX_INTERNA,Dinamarca,201909,-1
HT,LLEGADA_PAX_INTERNA,Haití,201909,2
IL,LLEGADA_PAX_INTERNA,Israel,201909,88
JO,LLEGADA_PAX_INTERNA,Jordania,201909,-1
CU,LLEGADA_PAX_INTERNA,Cuba,201909,195
PR,LLEGADA_PAX_INTERNA,Puerto Rico,201909,266
TT,LLEGADA_PAX_INTERNA,Trinidad y Tobago,201909,-1
JM,LLEGADA_PAX_INTERNA,Jamaica,201909,-1
HR,LLEGADA_PAX_INTERNA,Croacia,201909,-1
SV,LLEGADA_PAX_INTERNA,El Salvador,201909,339
VE,LLEGADA_PAX_INTERNA,Venezuela,201909,1511
GB,LLEGADA_PAX_INTERNA,Reino Unido,201909,559
CN,LLEGADA_PAX_INTERNA,China,201909,21
DO,LLEGADA_PAX_INTERNA,República Dominicana,201909,984
AN,LLEGADA_PAX_INTERNA,Antillas Neerlandesas,201909,1065
KR,LLEGADA_PAX_INTERNA,Corea del Sur,201909,22
HN,LLEGADA_PAX_INTERNA,Honduras,201909,96
IT,LLEGADA_PAX_INTERNA,Italia,201909,366
PT,LLEGADA_PAX_INTERNA,Portugal,201909,47
FR,LLEGADA_PAX_INTERNA,Francia,201909,93
DE,LLEGADA_PAX_INTERNA,Alemania,201909,378
KY,LLEGADA_PAX_INTERNA,Islas Caimán,201909,-1
BS,LLEGADA_PAX_INTERNA,Bahamas,201909,16
SN,LLEGADA_PAX_INTERNA,Senegal,201909,1
ZA,LLEGADA_PAX_INTERNA,Sudáfrica,201909,-1
GT,LLEGADA_PAX_INTERNA,Guatemala,201909,337
BB,LLEGADA_PAX_INTERNA,Barbados,201909,-1
CH,LLEGADA_PAX_INTERNA,Suiza,201909,91
LC,LLEGADA_PAX_INTERNA,saint lucia,201909,-1
QA,LLEGADA_PAX_INTERNA,Qatar,201909,-1
BE,LLEGADA_PAX_INTERNA,Bélgica,201909,101
SE,LLEGADA_PAX_INTERNA,Suecia,201909,-1
MX,LLEGADA_PAX_INTERNA,México,201909,11087
IE,LLEGADA_PAX_INTERNA,Irlanda,201909,2
PE,LLEGADA_PAX_INTERNA,Perú,201909,4923
AT,LLEGADA_PAX_INTERNA,Austria,201909,10
CR,LLEGADA_PAX_INTERNA,Costa Rica,201909,24
KN,LLEGADA_PAX_INTERNA,San Cristóbal y Nieves,201909,-1
MA,LLEGADA_PAX_INTERNA,Marruecos,201909,-1
ES,LLEGADA_PAX_INTERNA,España,201909,6954
PY,LLEGADA_PAX_INTERNA,Paraguay,201909,102
BO,LLEGADA_PAX_INTERNA,Bolivia,201909,55
CL,LLEGADA_PAX_INTERNA,Chile,201909,572
ES,LLEGADA_PAX_INTERNA,España,201809,6156
NI,LLEGADA_PAX_INTERNA,Nicaragua,201809,31
BZ,LLEGADA_PAX_INTERNA,Belice,201809,7
AR,LLEGADA_PAX_INTERNA,Argentina,201809,604
UY,LLEGADA_PAX_INTERNA,Uruguay,201809,139
PE,LLEGADA_PAX_INTERNA,Perú,201809,3139
JM,LLEGADA_PAX_INTERNA,Jamaica,201809,2
DE,LLEGADA_PAX_INTERNA,Alemania,201809,47
VE,LLEGADA_PAX_INTERNA,Venezuela,201809,2389
FR,LLEGADA_PAX_INTERNA,Francia,201809,193
HT,LLEGADA_PAX_INTERNA,Haití,201809,1
BE,LLEGADA_PAX_INTERNA,Bélgica,201809,39
HN,LLEGADA_PAX_INTERNA,Honduras,201809,157
NL,LLEGADA_PAX_INTERNA,Países Bajos,201809,28
US,LLEGADA_PAX_INTERNA,Estados Unidos,201809,22645
CN,LLEGADA_PAX_INTERNA,China,201809,25
SV,LLEGADA_PAX_INTERNA,El Salvador,201809,428
GT,LLEGADA_PAX_INTERNA,Guatemala,201809,374
CH,LLEGADA_PAX_INTERNA,Suiza,201809,51
GB,LLEGADA_PAX_INTERNA,Reino Unido,201809,544
MX,LLEGADA_PAX_INTERNA,México,201809,5019
DO,LLEGADA_PAX_INTERNA,República Dominicana,201809,796
TT,LLEGADA_PAX_INTERNA,Trinidad y Tobago,201809,3
EC,LLEGADA_PAX_INTERNA,Ecuador,201809,18
CU,LLEGADA_PAX_INTERNA,Cuba,201809,191
IE,LLEGADA_PAX_INTERNA,Irlanda,201809,2
KR,LLEGADA_PAX_INTERNA,Corea del Sur,201809,21
JP,LLEGADA_PAX_INTERNA,Japón,201809,67
PT,LLEGADA_PAX_INTERNA,Portugal,201809,30
ZA,LLEGADA_PAX_INTERNA,Sudáfrica,201809,1
BO,LLEGADA_PAX_INTERNA,Bolivia,201809,193
CR,LLEGADA_PAX_INTERNA,Costa Rica,201809,78
PR,LLEGADA_PAX_INTERNA,Puerto Rico,201809,229
BS,LLEGADA_PAX_INTERNA,Bahamas,201809,4
BR,LLEGADA_PAX_INTERNA,Brasil,201809,374
BB,LLEGADA_PAX_INTERNA,Barbados,201809,2
KY,LLEGADA_PAX_INTERNA,Islas Caimán,201809,4
CA,LLEGADA_PAX_INTERNA,Canadá,201809,556
PA,LLEGADA_PAX_INTERNA,Panamá,201809,20746
CL,LLEGADA_PAX_INTERNA,Chile,201809,534
IT,LLEGADA_PAX_INTERNA,Italia,201809,276
IL,LLEGADA_PAX_INTERNA,Israel,201809,20
PY,LLEGADA_PAX_INTERNA,Paraguay,201809,28
NZ,LLEGADA_PAX_INTERNA,Nueva Zelanda,201809,1
AN,LLEGADA_PAX_INTERNA,Antillas Neerlandesas,201809,396
JP,LLEGADA_PAX_INTERNA,Japón,201709,47
JM,LLEGADA_PAX_INTERNA,Jamaica,201709,7
AR,LLEGADA_PAX_INTERNA,Argentina,201709,276
IL,LLEGADA_PAX_INTERNA,Israel,201709,13
ZA,LLEGADA_PAX_INTERNA,Sudáfrica,201709,2
DO,LLEGADA_PAX_INTERNA,República Dominicana,201709,472
CN,LLEGADA_PAX_INTERNA,China,201709,43
KR,LLEGADA_PAX_INTERNA,Corea del Sur,201709,2
BB,LLEGADA_PAX_INTERNA,Barbados,201709,3
UY,LLEGADA_PAX_INTERNA,Uruguay,201709,95
US,LLEGADA_PAX_INTERNA,Estados Unidos,201709,18865
CL,LLEGADA_PAX_INTERNA,Chile,201709,458
PY,LLEGADA_PAX_INTERNA,Paraguay,201709,54
IE,LLEGADA_PAX_INTERNA,Irlanda,201709,4
NI,LLEGADA_PAX_INTERNA,Nicaragua,201709,45
CH,LLEGADA_PAX_INTERNA,Suiza,201709,62
PA,LLEGADA_PAX_INTERNA,Panamá,201709,19698
MX,LLEGADA_PAX_INTERNA,México,201709,4512
SE,LLEGADA_PAX_INTERNA,Suecia,201709,0
PT,LLEGADA_PAX_INTERNA,Portugal,201709,15
AT,LLEGADA_PAX_INTERNA,Austria,201709,9
HN,LLEGADA_PAX_INTERNA,Honduras,201709,171
TT,LLEGADA_PAX_INTERNA,Trinidad y Tobago,201709,1
AU,LLEGADA_PAX_INTERNA,Australia,201709,38
DE,LLEGADA_PAX_INTERNA,Alemania,201709,53
PE,LLEGADA_PAX_INTERNA,Perú,201709,2171
CR,LLEGADA_PAX_INTERNA,Costa Rica,201709,132
KY,LLEGADA_PAX_INTERNA,Islas Caimán,201709,0
EC,LLEGADA_PAX_INTERNA,Ecuador,201709,7
FR,LLEGADA_PAX_INTERNA,Francia,201709,74
GR,LLEGADA_PAX_INTERNA,Grecia,201709,6
BO,LLEGADA_PAX_INTERNA,Bolivia,201709,165
BZ,LLEGADA_PAX_INTERNA,Belice,201709,8
BE,LLEGADA_PAX_INTERNA,Bélgica,201709,37
JO,LLEGADA_PAX_INTERNA,Jordania,201709,0
HT,LLEGADA_PAX_INTERNA,Haití,201709,4
NL,LLEGADA_PAX_INTERNA,Países Bajos,201709,49
CU,LLEGADA_PAX_INTERNA,Cuba,201709,88
CA,LLEGADA_PAX_INTERNA,Canadá,201709,361
RU,LLEGADA_PAX_INTERNA,Rusia,201709,0
ES,LLEGADA_PAX_INTERNA,España,201709,4512
PR,LLEGADA_PAX_INTERNA,Puerto Rico,201709,91
IT,LLEGADA_PAX_INTERNA,Italia,201709,301
AN,LLEGADA_PAX_INTERNA,Antillas Neerlandesas,201709,524
SV,LLEGADA_PAX_INTERNA,El Salvador,201709,502
BS,LLEGADA_PAX_INTERNA,Bahamas,201709,4
NO,LLEGADA_PAX_INTERNA,Noruega,201709,0
GT,LLEGADA_PAX_INTERNA,Guatemala,201709,372
GB,LLEGADA_PAX_INTERNA,Reino Unido,201709,485
NZ,LLEGADA_PAX_INTERNA,Nueva Zelanda,201709,1
DK,LLEGADA_PAX_INTERNA,Dinamarca,201709,0
BR,LLEGADA_PAX_INTERNA,Brasil,201709,620
VE,LLEGADA_PAX_INTERNA,Venezuela,201709,1556
KN,LLEGADA_PAX_INTERNA,San Cristóbal y Nieves,201709,0
AU,LLEGADA_PAX_INTERNA,Australia,201609,37
AR,LLEGADA_PAX_INTERNA,Argentina,201609,663
CU,LLEGADA_PAX_INTERNA,Cuba,201609,207
UY,LLEGADA_PAX_INTERNA,Uruguay,201609,107
DE,LLEGADA_PAX_INTERNA,Alemania,201609,43
PA,LLEGADA_PAX_INTERNA,Panamá,201609,16795
TT,LLEGADA_PAX_INTERNA,Trinidad y Tobago,201609,0
BE,LLEGADA_PAX_INTERNA,Bélgica,201609,21
EC,LLEGADA_PAX_INTERNA,Ecuador,201609,33
HN,LLEGADA_PAX_INTERNA,Honduras,201609,136
BZ,LLEGADA_PAX_INTERNA,Belice,201609,0
ZA,LLEGADA_PAX_INTERNA,Sudáfrica,201609,0
KR,LLEGADA_PAX_INTERNA,Corea del Sur,201609,2
SN,LLEGADA_PAX_INTERNA,Senegal,201609,3
CO,LLEGADA_PAX_INTERNA,Colombia,201609,3198
FR,LLEGADA_PAX_INTERNA,Francia,201609,82
AN,LLEGADA_PAX_INTERNA,Antillas Neerlandesas,201609,1064
SV,LLEGADA_PAX_INTERNA,El Salvador,201609,371
US,LLEGADA_PAX_INTERNA,Estados Unidos,201609,19397
SE,LLEGADA_PAX_INTERNA,Suecia,201609,1
NI,LLEGADA_PAX_INTERNA,Nicaragua,201609,23
IE,LLEGADA_PAX_INTERNA,Irlanda,201609,5
KY,LLEGADA_PAX_INTERNA,Islas Caimán,201609,5
CA,LLEGADA_PAX_INTERNA,Canadá,201609,181
PE,LLEGADA_PAX_INTERNA,Perú,201609,2135
JM,LLEGADA_PAX_INTERNA,Jamaica,201609,3
GT,LLEGADA_PAX_INTERNA,Guatemala,201609,273
CH,LLEGADA_PAX_INTERNA,Suiza,201609,41
PT,LLEGADA_PAX_INTERNA,Portugal,201609,14
AE,LLEGADA_PAX_INTERNA,Emiratos Árabes Unidos,201609,0
CN,LLEGADA_PAX_INTERNA,China,201609,7
JP,LLEGADA_PAX_INTERNA,Japón,201609,5
IL,LLEGADA_PAX_INTERNA,Israel,201609,6
HT,LLEGADA_PAX_INTERNA,Haití,201609,1
MX,LLEGADA_PAX_INTERNA,México,201609,4057
IT,LLEGADA_PAX_INTERNA,Italia,201609,183
BB,LLEGADA_PAX_INTERNA,Barbados,201609,13
QA,LLEGADA_PAX_INTERNA,Qatar,201609,4
CR,LLEGADA_PAX_INTERNA,Costa Rica,201609,43
VE,LLEGADA_PAX_INTERNA,Venezuela,201609,385
DO,LLEGADA_PAX_INTERNA,República Dominicana,201609,1059
ES,LLEGADA_PAX_INTERNA,España,201609,4025
BR,LLEGADA_PAX_INTERNA,Brasil,201609,865
BO,LLEGADA_PAX_INTERNA,Bolivia,201609,284
GB,LLEGADA_PAX_INTERNA,Reino Unido,201609,464
RU,LLEGADA_PAX_INTERNA,Rusia,201609,0
BS,LLEGADA_PAX_INTERNA,Bahamas,201609,3
PY,LLEGADA_PAX_INTERNA,Paraguay,201609,92
NL,LLEGADA_PAX_INTERNA,Países Bajos,201609,26
GR,LLEGADA_PAX_INTERNA,Grecia,201609,2
GR,LLEGADA_PAX_INTERNA,Grecia,201509,2
NI,LLEGADA_PAX_INTERNA,Nicaragua,201509,28
PE,LLEGADA_PAX_INTERNA,Perú,201509,1599
CO,LLEGADA_PAX_INTERNA,Colombia,201509,3745
GB,LLEGADA_PAX_INTERNA,Reino Unido,201509,522
BE,LLEGADA_PAX_INTERNA,Bélgica,201509,21
SE,LLEGADA_PAX_INTERNA,Suecia,201509,1
RU,LLEGADA_PAX_INTERNA,Rusia,201509,0
DO,LLEGADA_PAX_INTERNA,República Dominicana,201509,847
AE,LLEGADA_PAX_INTERNA,Emiratos Árabes Unidos,201509,0
NL,LLEGADA_PAX_INTERNA,Países Bajos,201509,15
AN,LLEGADA_PAX_INTERNA,Antillas Neerlandesas,201509,1110
SV,LLEGADA_PAX_INTERNA,El Salvador,201509,190
CR,LLEGADA_PAX_INTERNA,Costa Rica,201509,61
SN,LLEGADA_PAX_INTERNA,Senegal,201509,3
KY,LLEGADA_PAX_INTERNA,Islas Caimán,201509,5
BS,LLEGADA_PAX_INTERNA,Bahamas,201509,3
JM,LLEGADA_PAX_INTERNA,Jamaica,201509,2
HN,LLEGADA_PAX_INTERNA,Honduras,201509,116
TT,LLEGADA_PAX_INTERNA,Trinidad y Tobago,201509,2
BR,LLEGADA_PAX_INTERNA,Brasil,201509,1295
IL,LLEGADA_PAX_INTERNA,Israel,201509,6
BO,LLEGADA_PAX_INTERNA,Bolivia,201509,190
JP,LLEGADA_PAX_INTERNA,Japón,201509,6
UY,LLEGADA_PAX_INTERNA,Uruguay,201509,86
CN,LLEGADA_PAX_INTERNA,China,201509,13
DE,LLEGADA_PAX_INTERNA,Alemania,201509,42
FR,LLEGADA_PAX_INTERNA,Francia,201509,34
PT,LLEGADA_PAX_INTERNA,Portugal,201509,14
HT,LLEGADA_PAX_INTERNA,Haití,201509,6
PY,LLEGADA_PAX_INTERNA,Paraguay,201509,51
CH,LLEGADA_PAX_INTERNA,Suiza,201509,37
GY,LLEGADA_PAX_INTERNA,Guyana,201509,1
KR,LLEGADA_PAX_INTERNA,Corea del Sur,201509,1
CU,LLEGADA_PAX_INTERNA,Cuba,201509,113
BZ,LLEGADA_PAX_INTERNA,Belice,201509,0
US,LLEGADA_PAX_INTERNA,Estados Unidos,201509,18063
PA,LLEGADA_PAX_INTERNA,Panamá,201509,13750
MX,LLEGADA_PAX_INTERNA,México,201509,4358
IT,LLEGADA_PAX_INTERNA,Italia,201509,183
BB,LLEGADA_PAX_INTERNA,Barbados,201509,3
CA,LLEGADA_PAX_INTERNA,Canadá,201509,148
AU,LLEGADA_PAX_INTERNA,Australia,201509,31
EC,LLEGADA_PAX_INTERNA,Ecuador,201509,92
BM,LLEGADA_PAX_INTERNA,Bermudas,201509,2
ES,LLEGADA_PAX_INTERNA,España,201509,3327
GT,LLEGADA_PAX_INTERNA,Guatemala,201509,176
AR,LLEGADA_PAX_INTERNA,Argentina,201509,631
VE,LLEGADA_PAX_INTERNA,Venezuela,201509,3772
HN,LLEGADA_PAX_INTERNA,Honduras,201409,77
GB,LLEGADA_PAX_INTERNA,Reino Unido,201409,229
PA,LLEGADA_PAX_INTERNA,Panamá,201409,13012
PY,LLEGADA_PAX_INTERNA,Paraguay,201409,151
BO,LLEGADA_PAX_INTERNA,Bolivia,201409,148
EC,LLEGADA_PAX_INTERNA,Ecuador,201409,1734
CA,LLEGADA_PAX_INTERNA,Canadá,201409,93
US,LLEGADA_PAX_INTERNA,Estados Unidos,201409,16076
DO,LLEGADA_PAX_INTERNA,República Dominicana,201409,1230
VE,LLEGADA_PAX_INTERNA,Venezuela,201409,308
CU,LLEGADA_PAX_INTERNA,Cuba,201409,258
CO,LLEGADA_PAX_INTERNA,Colombia,201409,2314
NI,LLEGADA_PAX_INTERNA,Nicaragua,201409,7
GT,LLEGADA_PAX_INTERNA,Guatemala,201409,124
CR,LLEGADA_PAX_INTERNA,Costa Rica,201409,39
CL,LLEGADA_PAX_INTERNA,Chile,201409,0
AR,LLEGADA_PAX_INTERNA,Argentina,201409,705
SV,LLEGADA_PAX_INTERNA,El Salvador,201409,226
MX,LLEGADA_PAX_INTERNA,México,201409,2317
PE,LLEGADA_PAX_INTERNA,Perú,201409,2277
UY,LLEGADA_PAX_INTERNA,Uruguay,201409,103
BR,LLEGADA_PAX_INTERNA,Brasil,201409,1113
ES,LLEGADA_PAX_INTERNA,España,201409,2140
BZ,LLEGADA_PAX_INTERNA,Belice,201409,10
AN,LLEGADA_PAX_INTERNA,Antillas Neerlandesas,201409,791
DO,LLEGADA_PAX_INTERNA,República Dominicana,201309,506
CL,LLEGADA_PAX_INTERNA,Chile,201309,3
AN,LLEGADA_PAX_INTERNA,Antillas Neerlandesas,201309,948
GY,LLEGADA_PAX_INTERNA,Guyana,201309,0
PA,LLEGADA_PAX_INTERNA,Panamá,201309,11323
UY,LLEGADA_PAX_INTERNA,Uruguay,201309,21
CU,LLEGADA_PAX_INTERNA,Cuba,201309,161
EC,LLEGADA_PAX_INTERNA,Ecuador,201309,2545
HN,LLEGADA_PAX_INTERNA,Honduras,201309,88
BO,LLEGADA_PAX_INTERNA,Bolivia,201309,84
ES,LLEGADA_PAX_INTERNA,España,201309,2334
BZ,LLEGADA_PAX_INTERNA,Belice,201309,0
BR,LLEGADA_PAX_INTERNA,Brasil,201309,788
CO,LLEGADA_PAX_INTERNA,Colombia,201309,58
CA,LLEGADA_PAX_INTERNA,Canadá,201309,29
CR,LLEGADA_PAX_INTERNA,Costa Rica,201309,61
PE,LLEGADA_PAX_INTERNA,Perú,201309,1291
VE,LLEGADA_PAX_INTERNA,Venezuela,201309,1200
HT,LLEGADA_PAX_INTERNA,Haití,201309,0
PY,LLEGADA_PAX_INTERNA,Paraguay,201309,12
US,LLEGADA_PAX_INTERNA,Estados Unidos,201309,14180
AR,LLEGADA_PAX_INTERNA,Argentina,201309,436
GT,LLEGADA_PAX_INTERNA,Guatemala,201309,79
MX,LLEGADA_PAX_INTERNA,México,201309,1357
NI,LLEGADA_PAX_INTERNA,Nicaragua,201309,13
SV,LLEGADA_PAX_INTERNA,El Salvador,201309,207
EC,LLEGADA_PAX_INTERNA,Ecuador,201209,1721
PE,LLEGADA_PAX_INTERNA,Perú,201209,1518
NI,LLEGADA_PAX_INTERNA,Nicaragua,201209,8
AR,LLEGADA_PAX_INTERNA,Argentina,201209,308
CO,LLEGADA_PAX_INTERNA,Colombia,201209,167
ES,LLEGADA_PAX_INTERNA,España,201209,2375
DO,LLEGADA_PAX_INTERNA,República Dominicana,201209,468
UY,LLEGADA_PAX_INTERNA,Uruguay,201209,63
VE,LLEGADA_PAX_INTERNA,Venezuela,201209,1144
CR,LLEGADA_PAX_INTERNA,Costa Rica,201209,530
BO,LLEGADA_PAX_INTERNA,Bolivia,201209,84
MX,LLEGADA_PAX_INTERNA,México,201209,814
GT,LLEGADA_PAX_INTERNA,Guatemala,201209,66
US,LLEGADA_PAX_INTERNA,Estados Unidos,201209,13004
SV,LLEGADA_PAX_INTERNA,El Salvador,201209,182
CU,LLEGADA_PAX_INTERNA,Cuba,201209,79
AN,LLEGADA_PAX_INTERNA,Antillas Neerlandesas,201209,909
HN,LLEGADA_PAX_INTERNA,Honduras,201209,98
PA,LLEGADA_PAX_INTERNA,Panamá,201209,9984
BR,LLEGADA_PAX_INTERNA,Brasil,201209,700
PY,LLEGADA_PAX_INTERNA,Paraguay,201209,17
US,LLEGADA_PAX_INTERNA,Estados Unidos,201109,11269
BR,LLEGADA_PAX_INTERNA,Brasil,201109,469
NI,LLEGADA_PAX_INTERNA,Nicaragua,201109,13
CU,LLEGADA_PAX_INTERNA,Cuba,201109,0
EC,LLEGADA_PAX_INTERNA,Ecuador,201109,3942
HN,LLEGADA_PAX_INTERNA,Honduras,201109,18
VE,LLEGADA_PAX_INTERNA,Venezuela,201109,965
DO,LLEGADA_PAX_INTERNA,República Dominicana,201109,380
MX,LLEGADA_PAX_INTERNA,México,201109,698
AR,LLEGADA_PAX_INTERNA,Argentina,201109,436
AN,LLEGADA_PAX_INTERNA,Antillas Neerlandesas,201109,707
SV,LLEGADA_PAX_INTERNA,El Salvador,201109,192
CO,LLEGADA_PAX_INTERNA,Colombia,201109,126
BO,LLEGADA_PAX_INTERNA,Bolivia,201109,76
ES,LLEGADA_PAX_INTERNA,España,201109,1915
CR,LLEGADA_PAX_INTERNA,Costa Rica,201109,474
GT,LLEGADA_PAX_INTERNA,Guatemala,201109,126
PA,LLEGADA_PAX_INTERNA,Panamá,201109,7678
PE,LLEGADA_PAX_INTERNA,Perú,201109,1574
CL,LLEGADA_PAX_INTERNA,Chile,201109,6
UY,LLEGADA_PAX_INTERNA,Uruguay,201109,34
PY,LLEGADA_PAX_INTERNA,Paraguay,201109,9
PY,LLEGADA_PAX_INTERNA,Paraguay,201009,10
CO,LLEGADA_PAX_INTERNA,Colombia,201009,100
BR,LLEGADA_PAX_INTERNA,Brasil,201009,430
AR,LLEGADA_PAX_INTERNA,Argentina,201009,491
VE,LLEGADA_PAX_INTERNA,Venezuela,201009,823
BO,LLEGADA_PAX_INTERNA,Bolivia,201009,113
SV,LLEGADA_PAX_INTERNA,El Salvador,201009,163
MX,LLEGADA_PAX_INTERNA,México,201009,949
TT,LLEGADA_PAX_INTERNA,Trinidad y Tobago,201009,0
GT,LLEGADA_PAX_INTERNA,Guatemala,201009,112
US,LLEGADA_PAX_INTERNA,Estados Unidos,201009,13184
PE,LLEGADA_PAX_INTERNA,Perú,201009,1571
HT,LLEGADA_PAX_INTERNA,Haití,201009,4
CL,LLEGADA_PAX_INTERNA,Chile,201009,0
PA,LLEGADA_PAX_INTERNA,Panamá,201009,5152
EC,LLEGADA_PAX_INTERNA,Ecuador,201009,2371
CR,LLEGADA_PAX_INTERNA,Costa Rica,201009,456
AN,LLEGADA_PAX_INTERNA,Antillas Neerlandesas,201009,384
CA,LLEGADA_PAX_INTERNA,Canadá,201009,0
HN,LLEGADA_PAX_INTERNA,Honduras,201009,91
UY,LLEGADA_PAX_INTERNA,Uruguay,201009,30
CU,LLEGADA_PAX_INTERNA,Cuba,201009,67
DO,LLEGADA_PAX_INTERNA,República Dominicana,201009,348
ES,LLEGADA_PAX_INTERNA,España,201009,1595
NI,LLEGADA_PAX_INTERNA,Nicaragua,201009,19
PY,LLEGADA_PAX_INTERNA,Paraguay,200909,8
TT,LLEGADA_PAX_INTERNA,Trinidad y Tobago,200909,0
GT,LLEGADA_PAX_INTERNA,Guatemala,200909,69
CA,LLEGADA_PAX_INTERNA,Canadá,200909,0
HN,LLEGADA_PAX_INTERNA,Honduras,200909,28
NI,LLEGADA_PAX_INTERNA,Nicaragua,200909,29
HT,LLEGADA_PAX_INTERNA,Haití,200909,17
PA,LLEGADA_PAX_INTERNA,Panamá,200909,5516
VE,LLEGADA_PAX_INTERNA,Venezuela,200909,1469
PE,LLEGADA_PAX_INTERNA,Perú,200909,1359
BO,LLEGADA_PAX_INTERNA,Bolivia,200909,51
US,LLEGADA_PAX_INTERNA,Estados Unidos,200909,10454
SV,LLEGADA_PAX_INTERNA,El Salvador,200909,7
ES,LLEGADA_PAX_INTERNA,España,200909,1203
CO,LLEGADA_PAX_INTERNA,Colombia,200909,115
MX,LLEGADA_PAX_INTERNA,México,200909,475
BR,LLEGADA_PAX_INTERNA,Brasil,200909,496
CR,LLEGADA_PAX_INTERNA,Costa Rica,200909,205
TR,LLEGADA_PAX_INTERNA,Turquía,200909,0
UY,LLEGADA_PAX_INTERNA,Uruguay,200909,67
PH,LLEGADA_PAX_INTERNA,Filipinas,200909,5
DO,LLEGADA_PAX_INTERNA,República Dominicana,200909,297
BS,LLEGADA_PAX_INTERNA,Bahamas,200909,0
CU,LLEGADA_PAX_INTERNA,Cuba,200909,84
AR,LLEGADA_PAX_INTERNA,Argentina,200909,557
EC,LLEGADA_PAX_INTERNA,Ecuador,200909,3825
AN,LLEGADA_PAX_INTERNA,Antillas Neerlandesas,200909,355
PE,LLEGADA_PAX_INTERNA,Perú,200809,1428
DO,LLEGADA_PAX_INTERNA,República Dominicana,200809,249
CA,LLEGADA_PAX_INTERNA,Canadá,200809,7
SV,LLEGADA_PAX_INTERNA,El Salvador,200809,35
PA,LLEGADA_PAX_INTERNA,Panamá,200809,2758
CU,LLEGADA_PAX_INTERNA,Cuba,200809,51
HT,LLEGADA_PAX_INTERNA,Haití,200809,18
MX,LLEGADA_PAX_INTERNA,México,200809,447
AN,LLEGADA_PAX_INTERNA,Antillas Neerlandesas,200809,399
NI,LLEGADA_PAX_INTERNA,Nicaragua,200809,6
UY,LLEGADA_PAX_INTERNA,Uruguay,200809,21
BR,LLEGADA_PAX_INTERNA,Brasil,200809,352
BS,LLEGADA_PAX_INTERNA,Bahamas,200809,0
ES,LLEGADA_PAX_INTERNA,España,200809,729
VE,LLEGADA_PAX_INTERNA,Venezuela,200809,1271
BO,LLEGADA_PAX_INTERNA,Bolivia,200809,34
TR,LLEGADA_PAX_INTERNA,Turquía,200809,0
CR,LLEGADA_PAX_INTERNA,Costa Rica,200809,96
EC,LLEGADA_PAX_INTERNA,Ecuador,200809,1340
GT,LLEGADA_PAX_INTERNA,Guatemala,200809,35
AR,LLEGADA_PAX_INTERNA,Argentina,200809,504
US,LLEGADA_PAX_INTERNA,Estados Unidos,200809,7770
PY,LLEGADA_PAX_INTERNA,Paraguay,200809,0
HN,LLEGADA_PAX_INTERNA,Honduras,200809,29
PH,LLEGADA_PAX_INTERNA,Filipinas,200809,0
TT,LLEGADA_PAX_INTERNA,Trinidad y Tobago,200809,4
CO,LLEGADA_PAX_INTERNA,Colombia,200809,178
EC,LLEGADA_PAX_INTERNA,Ecuador,200709,1221
AR,LLEGADA_PAX_INTERNA,Argentina,200709,302
PY,LLEGADA_PAX_INTERNA,Paraguay,200709,0
CR,LLEGADA_PAX_INTERNA,Costa Rica,200709,38
CA,LLEGADA_PAX_INTERNA,Canadá,200709,3
CO,LLEGADA_PAX_INTERNA,Colombia,200709,206
BO,LLEGADA_PAX_INTERNA,Bolivia,200709,0
UY,LLEGADA_PAX_INTERNA,Uruguay,200709,6
MX,LLEGADA_PAX_INTERNA,México,200709,398
PA,LLEGADA_PAX_INTERNA,Panamá,200709,3787
PE,LLEGADA_PAX_INTERNA,Perú,200709,464
PH,LLEGADA_PAX_INTERNA,Filipinas,200709,0
TT,LLEGADA_PAX_INTERNA,Trinidad y Tobago,200709,0
NI,LLEGADA_PAX_INTERNA,Nicaragua,200709,7
SV,LLEGADA_PAX_INTERNA,El Salvador,200709,42
CU,LLEGADA_PAX_INTERNA,Cuba,200709,58
HT,LLEGADA_PAX_INTERNA,Haití,200709,1
DO,LLEGADA_PAX_INTERNA,República Dominicana,200709,165
AN,LLEGADA_PAX_INTERNA,Antillas Neerlandesas,200709,380
ES,LLEGADA_PAX_INTERNA,España,200709,709
BS,LLEGADA_PAX_INTERNA,Bahamas,200709,0
TR,LLEGADA_PAX_INTERNA,Turquía,200709,0
VE,LLEGADA_PAX_INTERNA,Venezuela,200709,1194
BR,LLEGADA_PAX_INTERNA,Brasil,200709,285
HN,LLEGADA_PAX_INTERNA,Honduras,200709,22
US,LLEGADA_PAX_INTERNA,Estados Unidos,200709,8483
GT,LLEGADA_PAX_INTERNA,Guatemala,200709,50
CR,LLEGADA_PAX_INTERNA,Costa Rica,202208,1184
DO,LLEGADA_PAX_INTERNA,República Dominicana,202208,13425
SE,LLEGADA_PAX_INTERNA,Suecia,202208,3
CU,LLEGADA_PAX_INTERNA,Cuba,202208,3
BR,LLEGADA_PAX_INTERNA,Brasil,202208,581
PE,LLEGADA_PAX_INTERNA,Perú,202208,6875
JM,LLEGADA_PAX_INTERNA,Jamaica,202208,7
VC,LLEGADA_PAX_INTERNA,San Vicente y las Granadinas,202208,1
IT,LLEGADA_PAX_INTERNA,Italia,202208,439
KR,LLEGADA_PAX_INTERNA,Corea del Sur,202208,10
LC,LLEGADA_PAX_INTERNA,Santa Lucia,202208,2
AN,LLEGADA_PAX_INTERNA,Antillas Neerlandesas,202208,934
CA,LLEGADA_PAX_INTERNA,Canadá,202208,393
PA,LLEGADA_PAX_INTERNA,Panamá,202208,28527
IS,LLEGADA_PAX_INTERNA,Islandia,202208,1
MX,LLEGADA_PAX_INTERNA,México,202208,13622
KY,LLEGADA_PAX_INTERNA,Islas Caimán,202208,3
TR,LLEGADA_PAX_INTERNA,Turquía,202208,2
CL,LLEGADA_PAX_INTERNA,Chile,202208,1100
PR,LLEGADA_PAX_INTERNA,Puerto Rico,202208,731
FR,LLEGADA_PAX_INTERNA,Francia,202208,38
TF,LLEGADA_PAX_INTERNA,Antillas Francesas,202208,1
BB,LLEGADA_PAX_INTERNA,Barbados,202208,6
AE,LLEGADA_PAX_INTERNA,Emiratos Árabes Unidos,202208,1
HN,LLEGADA_PAX_INTERNA,Honduras,202208,22
DE,LLEGADA_PAX_INTERNA,Alemania,202208,237
GT,LLEGADA_PAX_INTERNA,Guatemala,202208,33
HT,LLEGADA_PAX_INTERNA,haiti,202208,1
PT,LLEGADA_PAX_INTERNA,Portugal,202208,91
AR,LLEGADA_PAX_INTERNA,Argentina,202208,495
BE,LLEGADA_PAX_INTERNA,Bélgica,202208,116
ES,LLEGADA_PAX_INTERNA,España,202208,5657
IL,LLEGADA_PAX_INTERNA,Israel,202208,55
SV,LLEGADA_PAX_INTERNA,El Salvador,202208,45
AG,LLEGADA_PAX_INTERNA,antigua and barbuda,202208,1
BS,LLEGADA_PAX_INTERNA,Bahamas,202208,10
EC,LLEGADA_PAX_INTERNA,Ecuador,202208,149
TT,LLEGADA_PAX_INTERNA,Trinidad y Tobago,202208,8
QA,LLEGADA_PAX_INTERNA,Qatar,202208,3
RO,LLEGADA_PAX_INTERNA,Rumania,202208,1
GB,LLEGADA_PAX_INTERNA,Reino Unido,202208,223
NL,LLEGADA_PAX_INTERNA,Países Bajos,202208,67
US,LLEGADA_PAX_INTERNA,Estados Unidos,202208,46098
DM,LLEGADA_PAX_INTERNA,Dominica,202208,1
CH,LLEGADA_PAX_INTERNA,Suiza,202208,164
BS,LLEGADA_PAX_INTERNA,Bahamas,202108,5
PY,LLEGADA_PAX_INTERNA,Paraguay,202108,0
PT,LLEGADA_PAX_INTERNA,Portugal,202108,22
CR,LLEGADA_PAX_INTERNA,Costa Rica,202108,168
MX,LLEGADA_PAX_INTERNA,México,202108,10009
AR,LLEGADA_PAX_INTERNA,Argentina,202108,70
PE,LLEGADA_PAX_INTERNA,Perú,202108,1099
GT,LLEGADA_PAX_INTERNA,Guatemala,202108,25
CH,LLEGADA_PAX_INTERNA,Suiza,202108,60
CU,LLEGADA_PAX_INTERNA,Cuba,202108,1
NL,LLEGADA_PAX_INTERNA,Países Bajos,202108,52
BR,LLEGADA_PAX_INTERNA,Brasil,202108,127
AN,LLEGADA_PAX_INTERNA,Antillas Neerlandesas,202108,361
BE,LLEGADA_PAX_INTERNA,Bélgica,202108,59
KR,LLEGADA_PAX_INTERNA,Corea del Sur,202108,1
HN,LLEGADA_PAX_INTERNA,Honduras,202108,19
GB,LLEGADA_PAX_INTERNA,Reino Unido,202108,37
ES,LLEGADA_PAX_INTERNA,España,202108,1969
AG,LLEGADA_PAX_INTERNA,antigua and barbuda,202108,3
US,LLEGADA_PAX_INTERNA,Estados Unidos,202108,34525
SV,LLEGADA_PAX_INTERNA,El Salvador,202108,2
GY,LLEGADA_PAX_INTERNA,Guyana,202108,8
BO,LLEGADA_PAX_INTERNA,Bolivia,202108,67
EC,LLEGADA_PAX_INTERNA,Ecuador,202108,106
PA,LLEGADA_PAX_INTERNA,Panamá,202108,18177
DE,LLEGADA_PAX_INTERNA,Alemania,202108,60
CL,LLEGADA_PAX_INTERNA,Chile,202108,142
IT,LLEGADA_PAX_INTERNA,Italia,202108,110
DO,LLEGADA_PAX_INTERNA,República Dominicana,202108,3607
JP,LLEGADA_PAX_INTERNA,Japón,202108,2
PR,LLEGADA_PAX_INTERNA,Puerto Rico,202108,216
CA,LLEGADA_PAX_INTERNA,Canadá,202108,68
FR,LLEGADA_PAX_INTERNA,Francia,202108,5
AN,LLEGADA_PAX_INTERNA,Antillas Neerlandesas,202008,0
SV,LLEGADA_PAX_INTERNA,El Salvador,202008,5
DO,LLEGADA_PAX_INTERNA,República Dominicana,202008,0
BR,LLEGADA_PAX_INTERNA,Brasil,202008,0
PA,LLEGADA_PAX_INTERNA,Panamá,202008,7
US,LLEGADA_PAX_INTERNA,Estados Unidos,202008,1
BO,LLEGADA_PAX_INTERNA,Bolivia,201908,50
BR,LLEGADA_PAX_INTERNA,Brasil,201908,878
UY,LLEGADA_PAX_INTERNA,Uruguay,201908,140
TT,LLEGADA_PAX_INTERNA,Trinidad y Tobago,201908,-1
HT,LLEGADA_PAX_INTERNA,Haití,201908,3
DE,LLEGADA_PAX_INTERNA,Alemania,201908,372
AG,LLEGADA_PAX_INTERNA,antigua and barbuda,201908,-1
IL,LLEGADA_PAX_INTERNA,Israel,201908,35
CA,LLEGADA_PAX_INTERNA,Canadá,201908,370
ZA,LLEGADA_PAX_INTERNA,Sudáfrica,201908,1
HN,LLEGADA_PAX_INTERNA,Honduras,201908,61
IN,LLEGADA_PAX_INTERNA,india,201908,-1
CR,LLEGADA_PAX_INTERNA,Costa Rica,201908,48
SV,LLEGADA_PAX_INTERNA,El Salvador,201908,458
AR,LLEGADA_PAX_INTERNA,Argentina,201908,632
ES,LLEGADA_PAX_INTERNA,España,201908,8559
JM,LLEGADA_PAX_INTERNA,Jamaica,201908,3
PA,LLEGADA_PAX_INTERNA,Panamá,201908,19438
HR,LLEGADA_PAX_INTERNA,Croacia,201908,1
GT,LLEGADA_PAX_INTERNA,Guatemala,201908,316
PR,LLEGADA_PAX_INTERNA,Puerto Rico,201908,428
DK,LLEGADA_PAX_INTERNA,Dinamarca,201908,-1
SE,LLEGADA_PAX_INTERNA,Suecia,201908,-1
CL,LLEGADA_PAX_INTERNA,Chile,201908,799
BZ,LLEGADA_PAX_INTERNA,Belice,201908,2
KN,LLEGADA_PAX_INTERNA,San Cristóbal y Nieves,201908,-1
KY,LLEGADA_PAX_INTERNA,Islas Caimán,201908,37
GB,LLEGADA_PAX_INTERNA,Reino Unido,201908,645
FR,LLEGADA_PAX_INTERNA,Francia,201908,234
NZ,LLEGADA_PAX_INTERNA,Nueva Zelanda,201908,4
KR,LLEGADA_PAX_INTERNA,Corea del Sur,201908,21
BE,LLEGADA_PAX_INTERNA,Bélgica,201908,110
IE,LLEGADA_PAX_INTERNA,Irlanda,201908,4
MX,LLEGADA_PAX_INTERNA,México,201908,11577
JP,LLEGADA_PAX_INTERNA,Japón,201908,76
CU,LLEGADA_PAX_INTERNA,Cuba,201908,270
BS,LLEGADA_PAX_INTERNA,Bahamas,201908,15
MA,LLEGADA_PAX_INTERNA,Marruecos,201908,2
DO,LLEGADA_PAX_INTERNA,República Dominicana,201908,1082
JO,LLEGADA_PAX_INTERNA,Jordania,201908,-1
AN,LLEGADA_PAX_INTERNA,Antillas Neerlandesas,201908,1197
QA,LLEGADA_PAX_INTERNA,Qatar,201908,6
AT,LLEGADA_PAX_INTERNA,Austria,201908,39
CH,LLEGADA_PAX_INTERNA,Suiza,201908,71
NI,LLEGADA_PAX_INTERNA,Nicaragua,201908,-1
PY,LLEGADA_PAX_INTERNA,Paraguay,201908,108
SN,LLEGADA_PAX_INTERNA,Senegal,201908,-1
NO,LLEGADA_PAX_INTERNA,Noruega,201908,-1
US,LLEGADA_PAX_INTERNA,Estados Unidos,201908,29172
CN,LLEGADA_PAX_INTERNA,China,201908,10
EC,LLEGADA_PAX_INTERNA,Ecuador,201908,23
PT,LLEGADA_PAX_INTERNA,Portugal,201908,43
BB,LLEGADA_PAX_INTERNA,Barbados,201908,2
VE,LLEGADA_PAX_INTERNA,Venezuela,201908,2684
LC,LLEGADA_PAX_INTERNA,saint lucia,201908,5
PE,LLEGADA_PAX_INTERNA,Perú,201908,5905
NL,LLEGADA_PAX_INTERNA,Países Bajos,201908,77
IT,LLEGADA_PAX_INTERNA,Italia,201908,507
HT,LLEGADA_PAX_INTERNA,Haití,201808,9
BZ,LLEGADA_PAX_INTERNA,Belice,201808,8
IT,LLEGADA_PAX_INTERNA,Italia,201808,272
JP,LLEGADA_PAX_INTERNA,Japón,201808,22
AT,LLEGADA_PAX_INTERNA,Austria,201808,10
CA,LLEGADA_PAX_INTERNA,Canadá,201808,665
HR,LLEGADA_PAX_INTERNA,Croacia,201808,1
TT,LLEGADA_PAX_INTERNA,Trinidad y Tobago,201808,1
UY,LLEGADA_PAX_INTERNA,Uruguay,201808,134
GB,LLEGADA_PAX_INTERNA,Reino Unido,201808,653
BR,LLEGADA_PAX_INTERNA,Brasil,201808,524
CU,LLEGADA_PAX_INTERNA,Cuba,201808,211
GY,LLEGADA_PAX_INTERNA,Guyana,201808,9
ES,LLEGADA_PAX_INTERNA,España,201808,6872
DO,LLEGADA_PAX_INTERNA,República Dominicana,201808,1056
PE,LLEGADA_PAX_INTERNA,Perú,201808,3834
GT,LLEGADA_PAX_INTERNA,Guatemala,201808,352
KR,LLEGADA_PAX_INTERNA,Corea del Sur,201808,18
MX,LLEGADA_PAX_INTERNA,México,201808,5020
CN,LLEGADA_PAX_INTERNA,China,201808,25
NI,LLEGADA_PAX_INTERNA,Nicaragua,201808,22
NL,LLEGADA_PAX_INTERNA,Países Bajos,201808,18
VE,LLEGADA_PAX_INTERNA,Venezuela,201808,2817
CH,LLEGADA_PAX_INTERNA,Suiza,201808,41
US,LLEGADA_PAX_INTERNA,Estados Unidos,201808,25792
QA,LLEGADA_PAX_INTERNA,Qatar,201808,4
IE,LLEGADA_PAX_INTERNA,Irlanda,201808,4
PA,LLEGADA_PAX_INTERNA,Panamá,201808,23172
GR,LLEGADA_PAX_INTERNA,Grecia,201808,0
BO,LLEGADA_PAX_INTERNA,Bolivia,201808,175
HN,LLEGADA_PAX_INTERNA,Honduras,201808,205
BB,LLEGADA_PAX_INTERNA,Barbados,201808,8
FR,LLEGADA_PAX_INTERNA,Francia,201808,94
KY,LLEGADA_PAX_INTERNA,Islas Caimán,201808,6
PY,LLEGADA_PAX_INTERNA,Paraguay,201808,83
NO,LLEGADA_PAX_INTERNA,Noruega,201808,2
SV,LLEGADA_PAX_INTERNA,El Salvador,201808,569
EC,LLEGADA_PAX_INTERNA,Ecuador,201808,9
PR,LLEGADA_PAX_INTERNA,Puerto Rico,201808,396
PT,LLEGADA_PAX_INTERNA,Portugal,201808,12
CL,LLEGADA_PAX_INTERNA,Chile,201808,622
AN,LLEGADA_PAX_INTERNA,Antillas Neerlandesas,201808,375
NZ,LLEGADA_PAX_INTERNA,Nueva Zelanda,201808,1
CR,LLEGADA_PAX_INTERNA,Costa Rica,201808,101
AR,LLEGADA_PAX_INTERNA,Argentina,201808,506
JM,LLEGADA_PAX_INTERNA,Jamaica,201808,3
BE,LLEGADA_PAX_INTERNA,Bélgica,201808,51
BS,LLEGADA_PAX_INTERNA,Bahamas,201808,7
IL,LLEGADA_PAX_INTERNA,Israel,201808,13
DE,LLEGADA_PAX_INTERNA,Alemania,201808,97
DE,LLEGADA_PAX_INTERNA,Alemania,201708,53
BS,LLEGADA_PAX_INTERNA,Bahamas,201708,1
KR,LLEGADA_PAX_INTERNA,Corea del Sur,201708,4
CA,LLEGADA_PAX_INTERNA,Canadá,201708,520
CR,LLEGADA_PAX_INTERNA,Costa Rica,201708,127
BO,LLEGADA_PAX_INTERNA,Bolivia,201708,139
IE,LLEGADA_PAX_INTERNA,Irlanda,201708,8
BR,LLEGADA_PAX_INTERNA,Brasil,201708,723
JP,LLEGADA_PAX_INTERNA,Japón,201708,13
CH,LLEGADA_PAX_INTERNA,Suiza,201708,39
UY,LLEGADA_PAX_INTERNA,Uruguay,201708,183
PE,LLEGADA_PAX_INTERNA,Perú,201708,2445
PY,LLEGADA_PAX_INTERNA,Paraguay,201708,19
DO,LLEGADA_PAX_INTERNA,República Dominicana,201708,753
ES,LLEGADA_PAX_INTERNA,España,201708,6197
EC,LLEGADA_PAX_INTERNA,Ecuador,201708,28
KY,LLEGADA_PAX_INTERNA,Islas Caimán,201708,1
PT,LLEGADA_PAX_INTERNA,Portugal,201708,27
BB,LLEGADA_PAX_INTERNA,Barbados,201708,4
AR,LLEGADA_PAX_INTERNA,Argentina,201708,245
IL,LLEGADA_PAX_INTERNA,Israel,201708,16
CU,LLEGADA_PAX_INTERNA,Cuba,201708,226
HT,LLEGADA_PAX_INTERNA,Haití,201708,2
GB,LLEGADA_PAX_INTERNA,Reino Unido,201708,487
DK,LLEGADA_PAX_INTERNA,Dinamarca,201708,1
PR,LLEGADA_PAX_INTERNA,Puerto Rico,201708,401
IT,LLEGADA_PAX_INTERNA,Italia,201708,195
CN,LLEGADA_PAX_INTERNA,China,201708,54
PA,LLEGADA_PAX_INTERNA,Panamá,201708,19946
HN,LLEGADA_PAX_INTERNA,Honduras,201708,172
NI,LLEGADA_PAX_INTERNA,Nicaragua,201708,36
AN,LLEGADA_PAX_INTERNA,Antillas Neerlandesas,201708,789
MX,LLEGADA_PAX_INTERNA,México,201708,4573
GT,LLEGADA_PAX_INTERNA,Guatemala,201708,382
BE,LLEGADA_PAX_INTERNA,Bélgica,201708,40
AU,LLEGADA_PAX_INTERNA,Australia,201708,41
VE,LLEGADA_PAX_INTERNA,Venezuela,201708,1980
AT,LLEGADA_PAX_INTERNA,Austria,201708,16
JM,LLEGADA_PAX_INTERNA,Jamaica,201708,12
BZ,LLEGADA_PAX_INTERNA,Belice,201708,17
SV,LLEGADA_PAX_INTERNA,El Salvador,201708,486
CL,LLEGADA_PAX_INTERNA,Chile,201708,685
FR,LLEGADA_PAX_INTERNA,Francia,201708,33
NL,LLEGADA_PAX_INTERNA,Países Bajos,201708,29
US,LLEGADA_PAX_INTERNA,Estados Unidos,201708,25505
FR,LLEGADA_PAX_INTERNA,Francia,201608,51
AE,LLEGADA_PAX_INTERNA,Emiratos Árabes Unidos,201608,1
GT,LLEGADA_PAX_INTERNA,Guatemala,201608,330
CR,LLEGADA_PAX_INTERNA,Costa Rica,201608,85
GB,LLEGADA_PAX_INTERNA,Reino Unido,201608,502
BE,LLEGADA_PAX_INTERNA,Bélgica,201608,17
KY,LLEGADA_PAX_INTERNA,Islas Caimán,201608,2
CH,LLEGADA_PAX_INTERNA,Suiza,201608,33
PT,LLEGADA_PAX_INTERNA,Portugal,201608,11
AN,LLEGADA_PAX_INTERNA,Antillas Neerlandesas,201608,1132
CN,LLEGADA_PAX_INTERNA,China,201608,34
AR,LLEGADA_PAX_INTERNA,Argentina,201608,654
BO,LLEGADA_PAX_INTERNA,Bolivia,201608,197
BB,LLEGADA_PAX_INTERNA,Barbados,201608,20
DO,LLEGADA_PAX_INTERNA,República Dominicana,201608,1026
JP,LLEGADA_PAX_INTERNA,Japón,201608,19
NL,LLEGADA_PAX_INTERNA,Países Bajos,201608,56
CA,LLEGADA_PAX_INTERNA,Canadá,201608,306
RU,LLEGADA_PAX_INTERNA,Rusia,201608,0
SN,LLEGADA_PAX_INTERNA,Senegal,201608,0
PA,LLEGADA_PAX_INTERNA,Panamá,201608,18128
PY,LLEGADA_PAX_INTERNA,Paraguay,201608,48
IT,LLEGADA_PAX_INTERNA,Italia,201608,168
IL,LLEGADA_PAX_INTERNA,Israel,201608,6
PE,LLEGADA_PAX_INTERNA,Perú,201608,2326
KR,LLEGADA_PAX_INTERNA,Corea del Sur,201608,2
JM,LLEGADA_PAX_INTERNA,Jamaica,201608,3
GR,LLEGADA_PAX_INTERNA,Grecia,201608,3
AU,LLEGADA_PAX_INTERNA,Australia,201608,52
MX,LLEGADA_PAX_INTERNA,México,201608,4319
EC,LLEGADA_PAX_INTERNA,Ecuador,201608,19
DE,LLEGADA_PAX_INTERNA,Alemania,201608,86
TT,LLEGADA_PAX_INTERNA,Trinidad y Tobago,201608,4
HT,LLEGADA_PAX_INTERNA,Haití,201608,7
BR,LLEGADA_PAX_INTERNA,Brasil,201608,1351
BZ,LLEGADA_PAX_INTERNA,Belice,201608,5
VE,LLEGADA_PAX_INTERNA,Venezuela,201608,484
UY,LLEGADA_PAX_INTERNA,Uruguay,201608,126
ES,LLEGADA_PAX_INTERNA,España,201608,4074
SV,LLEGADA_PAX_INTERNA,El Salvador,201608,402
BS,LLEGADA_PAX_INTERNA,Bahamas,201608,9
IE,LLEGADA_PAX_INTERNA,Irlanda,201608,1
US,LLEGADA_PAX_INTERNA,Estados Unidos,201608,24471
NI,LLEGADA_PAX_INTERNA,Nicaragua,201608,19
HN,LLEGADA_PAX_INTERNA,Honduras,201608,139
CU,LLEGADA_PAX_INTERNA,Cuba,201608,209
CO,LLEGADA_PAX_INTERNA,Colombia,201608,4532
UY,LLEGADA_PAX_INTERNA,Uruguay,201508,73
CR,LLEGADA_PAX_INTERNA,Costa Rica,201508,37
DO,LLEGADA_PAX_INTERNA,República Dominicana,201508,985
DE,LLEGADA_PAX_INTERNA,Alemania,201508,23
FR,LLEGADA_PAX_INTERNA,Francia,201508,23
BS,LLEGADA_PAX_INTERNA,Bahamas,201508,7
TT,LLEGADA_PAX_INTERNA,Trinidad y Tobago,201508,2
GB,LLEGADA_PAX_INTERNA,Reino Unido,201508,409
HN,LLEGADA_PAX_INTERNA,Honduras,201508,124
AU,LLEGADA_PAX_INTERNA,Australia,201508,0
KR,LLEGADA_PAX_INTERNA,Corea del Sur,201508,1
PY,LLEGADA_PAX_INTERNA,Paraguay,201508,71
JP,LLEGADA_PAX_INTERNA,Japón,201508,19
IT,LLEGADA_PAX_INTERNA,Italia,201508,14
CA,LLEGADA_PAX_INTERNA,Canadá,201508,248
AR,LLEGADA_PAX_INTERNA,Argentina,201508,657
JM,LLEGADA_PAX_INTERNA,Jamaica,201508,2
CN,LLEGADA_PAX_INTERNA,China,201508,22
AE,LLEGADA_PAX_INTERNA,Emiratos Árabes Unidos,201508,1
CL,LLEGADA_PAX_INTERNA,Chile,201508,0
CO,LLEGADA_PAX_INTERNA,Colombia,201508,2359
ES,LLEGADA_PAX_INTERNA,España,201508,3675
BB,LLEGADA_PAX_INTERNA,Barbados,201508,0
EC,LLEGADA_PAX_INTERNA,Ecuador,201508,34
MX,LLEGADA_PAX_INTERNA,México,201508,4972
NI,LLEGADA_PAX_INTERNA,Nicaragua,201508,35
PT,LLEGADA_PAX_INTERNA,Portugal,201508,5
BO,LLEGADA_PAX_INTERNA,Bolivia,201508,221
BR,LLEGADA_PAX_INTERNA,Brasil,201508,1211
VE,LLEGADA_PAX_INTERNA,Venezuela,201508,3885
AN,LLEGADA_PAX_INTERNA,Antillas Neerlandesas,201508,1097
GT,LLEGADA_PAX_INTERNA,Guatemala,201508,246
PE,LLEGADA_PAX_INTERNA,Perú,201508,1904
PA,LLEGADA_PAX_INTERNA,Panamá,201508,16945
KY,LLEGADA_PAX_INTERNA,Islas Caimán,201508,3
HT,LLEGADA_PAX_INTERNA,Haití,201508,6
CU,LLEGADA_PAX_INTERNA,Cuba,201508,162
BZ,LLEGADA_PAX_INTERNA,Belice,201508,3
US,LLEGADA_PAX_INTERNA,Estados Unidos,201508,20241
BM,LLEGADA_PAX_INTERNA,Bermudas,201508,4
SV,LLEGADA_PAX_INTERNA,El Salvador,201508,310
NI,LLEGADA_PAX_INTERNA,Nicaragua,201408,0
VE,LLEGADA_PAX_INTERNA,Venezuela,201408,347
CL,LLEGADA_PAX_INTERNA,Chile,201408,1
DO,LLEGADA_PAX_INTERNA,República Dominicana,201408,1382
CO,LLEGADA_PAX_INTERNA,Colombia,201408,0
ES,LLEGADA_PAX_INTERNA,España,201408,2189
HN,LLEGADA_PAX_INTERNA,Honduras,201408,70
BO,LLEGADA_PAX_INTERNA,Bolivia,201408,200
UY,LLEGADA_PAX_INTERNA,Uruguay,201408,118
EC,LLEGADA_PAX_INTERNA,Ecuador,201408,2232
AR,LLEGADA_PAX_INTERNA,Argentina,201408,662
SV,LLEGADA_PAX_INTERNA,El Salvador,201408,169
US,LLEGADA_PAX_INTERNA,Estados Unidos,201408,19021
BR,LLEGADA_PAX_INTERNA,Brasil,201408,1221
MX,LLEGADA_PAX_INTERNA,México,201408,2096
CA,LLEGADA_PAX_INTERNA,Canadá,201408,134
AN,LLEGADA_PAX_INTERNA,Antillas Neerlandesas,201408,892
PA,LLEGADA_PAX_INTERNA,Panamá,201408,16778
GT,LLEGADA_PAX_INTERNA,Guatemala,201408,174
PY,LLEGADA_PAX_INTERNA,Paraguay,201408,51
GB,LLEGADA_PAX_INTERNA,Reino Unido,201408,182
PE,LLEGADA_PAX_INTERNA,Perú,201408,2750
BZ,LLEGADA_PAX_INTERNA,Belice,201408,9
CR,LLEGADA_PAX_INTERNA,Costa Rica,201408,41
CU,LLEGADA_PAX_INTERNA,Cuba,201408,233
UY,LLEGADA_PAX_INTERNA,Uruguay,201308,56
HT,LLEGADA_PAX_INTERNA,Haití,201308,0
CR,LLEGADA_PAX_INTERNA,Costa Rica,201308,232
CU,LLEGADA_PAX_INTERNA,Cuba,201308,142
AN,LLEGADA_PAX_INTERNA,Antillas Neerlandesas,201308,902
US,LLEGADA_PAX_INTERNA,Estados Unidos,201308,17884
PY,LLEGADA_PAX_INTERNA,Paraguay,201308,7
VE,LLEGADA_PAX_INTERNA,Venezuela,201308,1614
CO,LLEGADA_PAX_INTERNA,Colombia,201308,73
HN,LLEGADA_PAX_INTERNA,Honduras,201308,115
EC,LLEGADA_PAX_INTERNA,Ecuador,201308,3034
NI,LLEGADA_PAX_INTERNA,Nicaragua,201308,13
BO,LLEGADA_PAX_INTERNA,Bolivia,201308,67
MX,LLEGADA_PAX_INTERNA,México,201308,1999
CL,LLEGADA_PAX_INTERNA,Chile,201308,13
AR,LLEGADA_PAX_INTERNA,Argentina,201308,338
BR,LLEGADA_PAX_INTERNA,Brasil,201308,1034
ES,LLEGADA_PAX_INTERNA,España,201308,2356
PA,LLEGADA_PAX_INTERNA,Panamá,201308,13332
GT,LLEGADA_PAX_INTERNA,Guatemala,201308,187
DO,LLEGADA_PAX_INTERNA,República Dominicana,201308,578
BZ,LLEGADA_PAX_INTERNA,Belice,201308,7
GY,LLEGADA_PAX_INTERNA,Guyana,201308,0
CA,LLEGADA_PAX_INTERNA,Canadá,201308,37
PE,LLEGADA_PAX_INTERNA,Perú,201308,1452
SV,LLEGADA_PAX_INTERNA,El Salvador,201308,270
CO,LLEGADA_PAX_INTERNA,Colombia,201208,208
AR,LLEGADA_PAX_INTERNA,Argentina,201208,257
CL,LLEGADA_PAX_INTERNA,Chile,201208,1
PE,LLEGADA_PAX_INTERNA,Perú,201208,1279
ES,LLEGADA_PAX_INTERNA,España,201208,2320
BO,LLEGADA_PAX_INTERNA,Bolivia,201208,34
US,LLEGADA_PAX_INTERNA,Estados Unidos,201208,14124
CR,LLEGADA_PAX_INTERNA,Costa Rica,201208,578
PY,LLEGADA_PAX_INTERNA,Paraguay,201208,6
EC,LLEGADA_PAX_INTERNA,Ecuador,201208,3113
DO,LLEGADA_PAX_INTERNA,República Dominicana,201208,503
VE,LLEGADA_PAX_INTERNA,Venezuela,201208,1631
HN,LLEGADA_PAX_INTERNA,Honduras,201208,101
NI,LLEGADA_PAX_INTERNA,Nicaragua,201208,5
UY,LLEGADA_PAX_INTERNA,Uruguay,201208,44
CU,LLEGADA_PAX_INTERNA,Cuba,201208,62
BR,LLEGADA_PAX_INTERNA,Brasil,201208,638
PA,LLEGADA_PAX_INTERNA,Panamá,201208,11411
SV,LLEGADA_PAX_INTERNA,El Salvador,201208,230
GT,LLEGADA_PAX_INTERNA,Guatemala,201208,70
MX,LLEGADA_PAX_INTERNA,México,201208,853
AN,LLEGADA_PAX_INTERNA,Antillas Neerlandesas,201208,886
PE,LLEGADA_PAX_INTERNA,Perú,201108,1572
GT,LLEGADA_PAX_INTERNA,Guatemala,201108,128
UY,LLEGADA_PAX_INTERNA,Uruguay,201108,34
BR,LLEGADA_PAX_INTERNA,Brasil,201108,450
BO,LLEGADA_PAX_INTERNA,Bolivia,201108,76
EC,LLEGADA_PAX_INTERNA,Ecuador,201108,3217
SV,LLEGADA_PAX_INTERNA,El Salvador,201108,196
ES,LLEGADA_PAX_INTERNA,España,201108,2006
NI,LLEGADA_PAX_INTERNA,Nicaragua,201108,13
US,LLEGADA_PAX_INTERNA,Estados Unidos,201108,11924
MX,LLEGADA_PAX_INTERNA,México,201108,680
CU,LLEGADA_PAX_INTERNA,Cuba,201108,0
AN,LLEGADA_PAX_INTERNA,Antillas Neerlandesas,201108,766
TT,LLEGADA_PAX_INTERNA,Trinidad y Tobago,201108,0
CO,LLEGADA_PAX_INTERNA,Colombia,201108,148
PA,LLEGADA_PAX_INTERNA,Panamá,201108,8606
CL,LLEGADA_PAX_INTERNA,Chile,201108,6
CR,LLEGADA_PAX_INTERNA,Costa Rica,201108,479
PY,LLEGADA_PAX_INTERNA,Paraguay,201108,9
AR,LLEGADA_PAX_INTERNA,Argentina,201108,418
HN,LLEGADA_PAX_INTERNA,Honduras,201108,16
DO,LLEGADA_PAX_INTERNA,República Dominicana,201108,393
VE,LLEGADA_PAX_INTERNA,Venezuela,201108,1317
GT,LLEGADA_PAX_INTERNA,Guatemala,201008,162
AR,LLEGADA_PAX_INTERNA,Argentina,201008,590
DO,LLEGADA_PAX_INTERNA,República Dominicana,201008,371
CO,LLEGADA_PAX_INTERNA,Colombia,201008,93
BO,LLEGADA_PAX_INTERNA,Bolivia,201008,69
US,LLEGADA_PAX_INTERNA,Estados Unidos,201008,15627
CU,LLEGADA_PAX_INTERNA,Cuba,201008,122
PA,LLEGADA_PAX_INTERNA,Panamá,201008,5360
BR,LLEGADA_PAX_INTERNA,Brasil,201008,490
SV,LLEGADA_PAX_INTERNA,El Salvador,201008,151
HN,LLEGADA_PAX_INTERNA,Honduras,201008,72
EC,LLEGADA_PAX_INTERNA,Ecuador,201008,3027
UY,LLEGADA_PAX_INTERNA,Uruguay,201008,34
MX,LLEGADA_PAX_INTERNA,México,201008,726
CA,LLEGADA_PAX_INTERNA,Canadá,201008,0
HT,LLEGADA_PAX_INTERNA,Haití,201008,7
CR,LLEGADA_PAX_INTERNA,Costa Rica,201008,670
PE,LLEGADA_PAX_INTERNA,Perú,201008,1499
AN,LLEGADA_PAX_INTERNA,Antillas Neerlandesas,201008,416
PY,LLEGADA_PAX_INTERNA,Paraguay,201008,30
ES,LLEGADA_PAX_INTERNA,España,201008,1636
NI,LLEGADA_PAX_INTERNA,Nicaragua,201008,23
TT,LLEGADA_PAX_INTERNA,Trinidad y Tobago,201008,0
CL,LLEGADA_PAX_INTERNA,Chile,201008,0
VE,LLEGADA_PAX_INTERNA,Venezuela,201008,1331
EC,LLEGADA_PAX_INTERNA,Ecuador,200908,1730
HT,LLEGADA_PAX_INTERNA,Haití,200908,20
BR,LLEGADA_PAX_INTERNA,Brasil,200908,430
HN,LLEGADA_PAX_INTERNA,Honduras,200908,32
ES,LLEGADA_PAX_INTERNA,España,200908,1426
NI,LLEGADA_PAX_INTERNA,Nicaragua,200908,31
BO,LLEGADA_PAX_INTERNA,Bolivia,200908,51
AN,LLEGADA_PAX_INTERNA,Antillas Neerlandesas,200908,471
BS,LLEGADA_PAX_INTERNA,Bahamas,200908,0
PA,LLEGADA_PAX_INTERNA,Panamá,200908,5841
PE,LLEGADA_PAX_INTERNA,Perú,200908,1448
GT,LLEGADA_PAX_INTERNA,Guatemala,200908,58
SV,LLEGADA_PAX_INTERNA,El Salvador,200908,4
CR,LLEGADA_PAX_INTERNA,Costa Rica,200908,143
DO,LLEGADA_PAX_INTERNA,República Dominicana,200908,340
TR,LLEGADA_PAX_INTERNA,Turquía,200908,0
CO,LLEGADA_PAX_INTERNA,Colombia,200908,130
CA,LLEGADA_PAX_INTERNA,Canadá,200908,0
PY,LLEGADA_PAX_INTERNA,Paraguay,200908,0
MX,LLEGADA_PAX_INTERNA,México,200908,464
PH,LLEGADA_PAX_INTERNA,Filipinas,200908,0
TT,LLEGADA_PAX_INTERNA,Trinidad y Tobago,200908,0
AR,LLEGADA_PAX_INTERNA,Argentina,200908,429
VE,LLEGADA_PAX_INTERNA,Venezuela,200908,2315
UY,LLEGADA_PAX_INTERNA,Uruguay,200908,45
US,LLEGADA_PAX_INTERNA,Estados Unidos,200908,14585
CU,LLEGADA_PAX_INTERNA,Cuba,200908,65
PE,LLEGADA_PAX_INTERNA,Perú,200808,1500
DO,LLEGADA_PAX_INTERNA,República Dominicana,200808,283
PH,LLEGADA_PAX_INTERNA,Filipinas,200808,0
CO,LLEGADA_PAX_INTERNA,Colombia,200808,213
VE,LLEGADA_PAX_INTERNA,Venezuela,200808,2146
TT,LLEGADA_PAX_INTERNA,Trinidad y Tobago,200808,2
AN,LLEGADA_PAX_INTERNA,Antillas Neerlandesas,200808,367
US,LLEGADA_PAX_INTERNA,Estados Unidos,200808,11270
NI,LLEGADA_PAX_INTERNA,Nicaragua,200808,16
UY,LLEGADA_PAX_INTERNA,Uruguay,200808,31
CR,LLEGADA_PAX_INTERNA,Costa Rica,200808,168
MX,LLEGADA_PAX_INTERNA,México,200808,428
HN,LLEGADA_PAX_INTERNA,Honduras,200808,20
GT,LLEGADA_PAX_INTERNA,Guatemala,200808,54
BR,LLEGADA_PAX_INTERNA,Brasil,200808,412
PA,LLEGADA_PAX_INTERNA,Panamá,200808,3766
CA,LLEGADA_PAX_INTERNA,Canadá,200808,1
BS,LLEGADA_PAX_INTERNA,Bahamas,200808,0
PY,LLEGADA_PAX_INTERNA,Paraguay,200808,0
EC,LLEGADA_PAX_INTERNA,Ecuador,200808,2087
CU,LLEGADA_PAX_INTERNA,Cuba,200808,41
HT,LLEGADA_PAX_INTERNA,Haití,200808,1
ES,LLEGADA_PAX_INTERNA,España,200808,933
BO,LLEGADA_PAX_INTERNA,Bolivia,200808,44
SV,LLEGADA_PAX_INTERNA,El Salvador,200808,18
AR,LLEGADA_PAX_INTERNA,Argentina,200808,432
TR,LLEGADA_PAX_INTERNA,Turquía,200808,0
BO,LLEGADA_PAX_INTERNA,Bolivia,200708,0
BS,LLEGADA_PAX_INTERNA,Bahamas,200708,0
VE,LLEGADA_PAX_INTERNA,Venezuela,200708,1535
AR,LLEGADA_PAX_INTERNA,Argentina,200708,488
US,LLEGADA_PAX_INTERNA,Estados Unidos,200708,11397
CA,LLEGADA_PAX_INTERNA,Canadá,200708,8
TR,LLEGADA_PAX_INTERNA,Turquía,200708,0
SV,LLEGADA_PAX_INTERNA,El Salvador,200708,47
EC,LLEGADA_PAX_INTERNA,Ecuador,200708,1545
HN,LLEGADA_PAX_INTERNA,Honduras,200708,30
BR,LLEGADA_PAX_INTERNA,Brasil,200708,352
